{"dbmdz/bert-base-turkish-uncased": {"eval_loss": 0.02585267834365368, "eval_accuracy": 0.9961089494163424, "eval_f1": 0.99581589958159, "eval_precision": 0.9916666666666667, "eval_recall": 1.0, "eval_runtime": 2.0239, "eval_samples_per_second": 126.982, "eval_steps_per_second": 8.4, "epoch": 5.0, "test_accuracy": 0.9937694704049844, "classification_report": {"0": {"precision": 0.9935064935064936, "recall": 0.9935064935064936, "f1-score": 0.9935064935064936, "support": 154.0}, "1": {"precision": 0.9940119760479041, "recall": 0.9940119760479041, "f1-score": 0.9940119760479041, "support": 167.0}, "accuracy": 0.9937694704049844, "macro avg": {"precision": 0.9937592347771989, "recall": 0.9937592347771989, "f1-score": 0.9937592347771989, "support": 321.0}, "weighted avg": {"precision": 0.9937694704049844, "recall": 0.9937694704049844, "f1-score": 0.9937694704049844, "support": 321.0}}}, "distilbert-base-uncased": {"eval_loss": 0.15158386528491974, "eval_accuracy": 0.9494163424124513, "eval_f1": 0.9469387755102041, "eval_precision": 0.9206349206349206, "eval_recall": 0.9747899159663865, "eval_runtime": 1.2268, "eval_samples_per_second": 209.481, "eval_steps_per_second": 13.857, "epoch": 5.0, "test_accuracy": 0.9813084112149533, "classification_report": {"0": {"precision": 0.9933333333333333, "recall": 0.9675324675324676, "f1-score": 0.9802631578947368, "support": 154.0}, "1": {"precision": 0.9707602339181286, "recall": 0.9940119760479041, "f1-score": 0.9822485207100592, "support": 167.0}, "accuracy": 0.9813084112149533, "macro avg": {"precision": 0.982046783625731, "recall": 0.9807722217901859, "f1-score": 0.981255839302398, "support": 321.0}, "weighted avg": {"precision": 0.9815896959428687, "recall": 0.9813084112149533, "f1-score": 0.9812960413531755, "support": 321.0}}}, "roberta-base": {"eval_loss": 0.23415720462799072, "eval_accuracy": 0.9571984435797666, "eval_f1": 0.9539748953974896, "eval_precision": 0.95, "eval_recall": 0.957983193277311, "eval_runtime": 2.4355, "eval_samples_per_second": 105.523, "eval_steps_per_second": 6.98, "epoch": 5.0, "test_accuracy": 0.9813084112149533, "classification_report": {"0": {"precision": 0.9805194805194806, "recall": 0.9805194805194806, "f1-score": 0.9805194805194806, "support": 154.0}, "1": {"precision": 0.9820359281437125, "recall": 0.9820359281437125, "f1-score": 0.9820359281437125, "support": 167.0}, "accuracy": 0.9813084112149533, "macro avg": {"precision": 0.9812777043315966, "recall": 0.9812777043315966, "f1-score": 0.9812777043315966, "support": 321.0}, "weighted avg": {"precision": 0.9813084112149533, "recall": 0.9813084112149533, "f1-score": 0.9813084112149533, "support": 321.0}}}}